<?xml version="1.0" encoding="UTF-8"?>
<dublin_core>
  <dcvalue element="identifier" qualifier="other" language="es_PE">Solicitud URL</dcvalue>
  <dcvalue element="description" language="">Mas info repositorio@unu.edu.pe</dcvalue>
  <dcvalue element="contributor" qualifier="author" language="es_PE">JOSE WILLIAMS ROJAS GARCIA</dcvalue>
  <dcvalue element="contributor" qualifier="author" language="es_PE">BENITO CAMELO RODRIGUEZ MENDOZA</dcvalue>
  <dcvalue element="title" language="es_PE">SISTEMA WEB PARA LA GESTION DOCUMENTARIO EN LA FACULTAD DE CIENCIAS DE LA SALUD DE LA UNIVERSIDAD NACIONAL DE UCAYALI, 2025.</dcvalue>
  <dcvalue element="date" qualifier="issued" language="es_PE">2025</dcvalue>
  <dcvalue element="contributor" qualifier="advisor" language="es_PE">sdf</dcvalue>
  <dcvalue element="description" qualifier="abstract" language="es_PE">ewrewr</dcvalue>
  <dcvalue element="subject" language="es_PE">aerew</dcvalue>
  <dcvalue element="subject" language="es_PE">werwe</dcvalue>
  <dcvalue element="subject" language="es_PE">rwerwe</dcvalue>
  <dcvalue element="subject" language="es_PE">werwe</dcvalue>
  <dcvalue element="subject" language="es_PE">dsfsdfds</dcvalue>
  <dcvalue element="language" qualifier="iso" language="es_PE">spa</dcvalue>
  <dcvalue element="publisher" qualifier="country">PE</dcvalue>
  <dcvalue element="publisher" language="es_PE">Universidad Nacional de Ucayali</dcvalue>
  <dcvalue element="rights" qualifier="uri">https://creativecommons.org/licenses/by/4.0/</dcvalue>
  <dcvalue element="rights" language="en_US">info:eu-repo/semantics/openAccess</dcvalue>
  <dcvalue element="source" language="es_PE">Universidad Nacional de Ucayali</dcvalue>
  <dcvalue element="source" language="es_PE">Repositorio institucional - UNU</dcvalue>
  <dcvalue element="subject" qualifier="ocde">sdfsdf</dcvalue>
  <dcvalue element="type" language="es_PE">info:eu-repo/semantics/bachelorThesis</dcvalue>
</dublin_core>
