<?xml version="1.0" encoding="UTF-8"?>
<dublin_core schema="renati">
  <dcvalue element="advisor" qualifier="dni">sdf</dcvalue>
  <dcvalue element="advisor" qualifier="orcid">sdf</dcvalue>
  <dcvalue element="author" qualifier="dni">72788241</dcvalue>
  <dcvalue element="author" qualifier="dni">12345678</dcvalue>
  <dcvalue element="discipline">sdfsdfsdf</dcvalue>
  <dcvalue element="level">https://purl.org/pe-repo/renati/level#tituloProfesional</dcvalue>
  <dcvalue element="type">https://purl.org/pe-repo/renati/type#tesis</dcvalue>
  <dcvalue element="juror">sdf</dcvalue>
  <dcvalue element="juror">sdf</dcvalue>
  <dcvalue element="juror">sdf</dcvalue>
</dublin_core>
